<code_scheme name="Default" version="173">
  <option name="RIGHT_MARGIN" value="110" />
  <option name="WRAP_WHEN_TYPING_REACHES_RIGHT_MARGIN" value="true" />
  <option name="FORMATTER_TAGS_ENABLED" value="true" />
  <option name="FORMATTER_TAGS_ACCEPT_REGEXP" value="true" />
  <option name="SOFT_MARGINS" value="75,90,105,120" />
  <CsvCodeStyleSettings>
    <option name="SPACE_AFTER_SEPARATOR" value="true" />
    <option name="TRIM_LEADING_WHITE_SPACES" value="true" />
    <option name="TRIM_TRAILING_WHITE_SPACES" value="true" />
  </CsvCodeStyleSettings>
  <codeStyleSettings language="csv">
    <option name="RIGHT_MARGIN" value="120" />
    <option name="WRAP_LONG_LINES" value="true" />
    <option name="WRAP_ON_TYPING" value="-1" />
  </codeStyleSettings>
</code_scheme>