<profile version="1.0">
  <option name="myName" value="Default" />
  <inspection_tool class="BuyFluidPluginNoteInspection" enabled="false" level="WARNING" enabled_by_default="false" />
  <inspection_tool class="GrazieInspection" enabled="false" level="TYPO" enabled_by_default="false" />
  <inspection_tool class="HtmlUnknownAttribute" enabled="true" level="WARNING" enabled_by_default="true">
    <option name="myValues">
      <value>
        <list size="1">
          <item index="0" class="java.lang.String" itemvalue="[(ngmodel)]" />
        </list>
      </value>
    </option>
    <option name="myCustomValuesEnabled" value="true" />
  </inspection_tool>
  <inspection_tool class="IgnoreFileDuplicateEntry" enabled="false" level="WARNING" enabled_by_default="false" />
  <inspection_tool class="InvalidEmojiShortcut" enabled="false" level="ERROR" enabled_by_default="false" />
  <inspection_tool class="PyArgumentEqualDefaultInspection" enabled="true" level="INFORMATION" enabled_by_default="true" />
  <inspection_tool class="PyAugmentAssignmentInspection" enabled="true" level="WEAK WARNING" enabled_by_default="true" />
  <inspection_tool class="PyClassicStyleClassInspection" enabled="true" level="WARNING" enabled_by_default="true" />
  <inspection_tool class="PyCompatibilityInspection" enabled="true" level="WARNING" enabled_by_default="true">
    <option name="ourVersions">
      <value>
        <list size="5">
          <item index="0" class="java.lang.String" itemvalue="3.6" />
          <item index="1" class="java.lang.String" itemvalue="3.7" />
          <item index="2" class="java.lang.String" itemvalue="3.8" />
          <item index="3" class="java.lang.String" itemvalue="3.9" />
          <item index="4" class="java.lang.String" itemvalue="3.10" />
        </list>
      </value>
    </option>
  </inspection_tool>
  <inspection_tool class="PyMandatoryEncodingInspection" enabled="true" level="WARNING" enabled_by_default="true" />
  <inspection_tool class="PyMissingTypeHintsInspection" enabled="true" level="WEAK WARNING" enabled_by_default="true" />
  <inspection_tool class="PyPackageRequirementsInspection" enabled="true" level="WARNING" enabled_by_default="true">
    <option name="ignoredPackages">
      <value>
        <list size="10">
          <item index="0" class="java.lang.String" itemvalue="chardet" />
          <item index="1" class="java.lang.String" itemvalue="pandas" />
          <item index="2" class="java.lang.String" itemvalue="six" />
          <item index="3" class="java.lang.String" itemvalue="certifi" />
          <item index="4" class="java.lang.String" itemvalue="python-dateutil" />
          <item index="5" class="java.lang.String" itemvalue="numpy" />
          <item index="6" class="java.lang.String" itemvalue="pytz" />
          <item index="7" class="java.lang.String" itemvalue="requests" />
          <item index="8" class="java.lang.String" itemvalue="urllib3" />
          <item index="9" class="java.lang.String" itemvalue="idna" />
        </list>
      </value>
    </option>
  </inspection_tool>
  <inspection_tool class="PyPep8Inspection" enabled="true" level="WEAK WARNING" enabled_by_default="true">
    <option name="ignoredErrors">
      <list>
        <option value="E722" />
        <option value="W292" />
        <option value="E101" />
      </list>
    </option>
  </inspection_tool>
  <inspection_tool class="PyShadowingBuiltinsInspection" enabled="true" level="WEAK WARNING" enabled_by_default="true">
    <option name="ignoredNames">
      <list>
        <option value="id" />
      </list>
    </option>
  </inspection_tool>
  <inspection_tool class="PyShadowingNamesInspection" enabled="true" level="INFORMATION" enabled_by_default="true" />
  <inspection_tool class="PyUnresolvedReferencesInspection" enabled="true" level="WARNING" enabled_by_default="true">
    <option name="ignoredIdentifiers">
      <list>
        <option value="str.append" />
      </list>
    </option>
  </inspection_tool>
  <inspection_tool class="SpellCheckingInspection" enabled="false" level="TYPO" enabled_by_default="false">
    <option name="processCode" value="true" />
    <option name="processLiterals" value="true" />
    <option name="processComments" value="true" />
  </inspection_tool>
</profile>