<application>
  <component name="AtomFileIconsConfig">
    <option name="accentColorEnabled" value="true" />
    <option name="themedColorEnabled" value="true" />
    <option name="monochromeColor" value="2dabe3" />
    <option name="arrowsStyle" value="Plus-Minus" />
    <option name="isAccentColorEnabled" value="true" />
    <option name="accentColor" value="ff0000" />
    <option name="isThemedColorEnabled" value="true" />
    <option name="themedColor" value="e76c2a" />
  </component>
</application>