<application>
  <component name="CodeFoldingSettings">
    <option name="COLLAPSE_METHODS" value="true" />
    <option name="COLLAPSE_DOC_COMMENTS" value="true" />
  </component>
  <component name="CodeInsightSettings">
    <option name="AUTO_POPUP_JAVADOC_INFO" value="true" />
    <option name="JAVADOC_INFO_DELAY" value="500" />
    <option name="SHOW_FULL_SIGNATURES_IN_PARAMETER_INFO" value="true" />
  </component>
  <component name="DaemonCodeAnalyzerSettings">
    <option name="SHOW_METHOD_SEPARATORS" value="true" />
  </component>
  <component name="DefaultFont">
    <option name="FONT_FAMILY" value="Source Code Pro" />
    <option name="LINE_SPACING" value="1.3" />
  </component>
  <component name="EditorSettings">
    <option name="languageBreadcrumbsMap">
      <map>
        <entry key="HTML" value="true" />
        <entry key="JSON" value="true" />
        <entry key="Neos_TypoScript2" value="true" />
        <entry key="Python" value="true" />
        <entry key="TYPO3_TypoScript" value="true" />
        <entry key="XHTML" value="true" />
        <entry key="XML" value="true" />
        <entry key="yaml" value="true" />
      </map>
    </option>
    <option name="USE_SOFT_WRAPS" value="MAIN_EDITOR" />
    <option name="SOFT_WRAP_FILE_MASKS" value="*.md; *.txt; *.rst; *.adoc, *.json" />
    <option name="IS_ENSURE_NEWLINE_AT_EOF" value="true" />
    <option name="REMOVE_TRAILING_BLANK_LINES" value="true" />
    <option name="IS_WHITESPACES_SHOWN" value="true" />
    <option name="IS_LEADING_WHITESPACES_SHOWN" value="false" />
    <option name="IS_INNER_WHITESPACES_SHOWN" value="false" />
    <option name="IS_ALL_SOFTWRAPS_SHOWN" value="true" />
    <option name="IS_WHEEL_FONTCHANGE_ENABLED" value="true" />
  </component>
  <component name="InspectionProfileManager">
    <list size="7">
      <item index="0" class="java.lang.String" itemvalue="INFORMATION" />
      <item index="1" class="java.lang.String" itemvalue="TYPO" />
      <item index="2" class="java.lang.String" itemvalue="SERVER PROBLEM" />
      <item index="3" class="java.lang.String" itemvalue="WEAK WARNING" />
      <item index="4" class="java.lang.String" itemvalue="INFO" />
      <item index="5" class="java.lang.String" itemvalue="WARNING" />
      <item index="6" class="java.lang.String" itemvalue="ERROR" />
    </list>
  </component>
  <component name="PythonFoldingSettings">
    <option name="COLLAPSE_LONG_STRINGS" value="true" />
    <option name="COLLAPSE_LONG_COLLECTIONS" value="true" />
    <option name="COLLAPSE_SEQUENTIAL_COMMENTS" value="true" />
  </component>
  <component name="TodoConfiguration">
    <pattern icon="question" useCustomColors="true" pattern="\btodo\b.*">
      <option name="FOREGROUND" value="adcc00" />
      <option name="BACKGROUND" value="2d3139" />
      <option name="FONT_TYPE" value="2" />
      <option name="EFFECT_COLOR" value="2b6888" />
      <option name="ERROR_STRIPE_COLOR" value="52a7cc" />
      <option name="EFFECT_TYPE" value="1" />
    </pattern>
    <pattern icon="important" useCustomColors="true" pattern="\bfixme\b.*">
      <option name="FOREGROUND" value="cc8a3c" />
      <option name="BACKGROUND" value="484c4e" />
      <option name="FONT_TYPE" value="1" />
      <option name="EFFECT_COLOR" value="2595a8" />
    </pattern>
    <pattern useCustomColors="true" pattern="\bnote\b.*">
      <option name="FOREGROUND" value="cc8aa4" />
      <option name="BACKGROUND" value="0" />
      <option name="FONT_TYPE" value="3" />
      <option name="EFFECT_COLOR" value="6a3698" />
      <option name="ERROR_STRIPE_COLOR" value="52a7cc" />
      <option name="EFFECT_TYPE" value="4" />
    </pattern>
  </component>
  <component name="XmlEditorOptions">
    <option name="tagTreeHighlightingLevelCount" value="15" />
    <option name="tagTreeHighlightingOpacity" value="54" />
  </component>
</application>