<application>
  <component name="FileTypeManager" version="18">
    <ignoreFiles list="*$py.class;*.pyc;*.pyo;*.rbc;*.yarb;*~;.DS_Store;.git;.hg;.svn;CVS;__pycache__;_svn;vssver.scc;vssver2.scc;" />
    <extensionMap>
      <mapping pattern="LICENSE" type="AUTO_DETECTED" />
      <mapping pattern="temp" type="AUTO_DETECTED" />
      <mapping pattern="style" type="CSS" />
      <mapping pattern="login" type="HTML" />
      <mapping pattern="doubts" type="PLAIN_TEXT" />
      <mapping pattern="logs" type="PLAIN_TEXT" />
      <mapping pattern="notes" type="PLAIN_TEXT" />
      <mapping pattern="failed_cases" type="PLAIN_TEXT" />
      <mapping ext="vocab" type="PLAIN_TEXT" />
      <mapping ext="in" type="PLAIN_TEXT" />
      <mapping ext="sqlite" type="SQL" />
      <removed_mapping ext="ini" approved="true" type="GitIgnore file" />
    </extensionMap>
  </component>
</application>