<application>
  <component name="GraziConfig">
    <option name="enabledGrammarStrategies">
      <set>
        <option value="PythonCore:Python" />
        <option value="nl.rubensten.texifyidea:Latex" />
        <option value="org.asciidoctor.intellij.asciidoc:AsciiDoc" />
        <option value="tanvd.grazi:JSON" />
        <option value="tanvd.grazi:Properties" />
        <option value="tanvd.grazi:TEXT" />
        <option value="tanvd.grazi:XML" />
        <option value="tanvd.grazi:yaml" />
      </set>
    </option>
    <option name="userDisabledRules">
      <set>
        <option value="UPPERCASE_SENTENCE_START" />
        <option value="READABILITY_RULE_SIMPLE" />
        <option value="READABILITY_RULE_DIFFICULT" />
        <option value="EN_UNPAIRED_BRACKETS" />
      </set>
    </option>
    <option name="userEnabledRules">
      <set>
        <option value="EN_REDUNDANCY_REPLACE" />
        <option value="EN_SPECIFIC_CASE" />
      </set>
    </option>
    <option name="checkingContext">
      <CheckingContext>
        <option name="isCheckInCommitMessagesEnabled" value="true" />
        <option name="isCheckInStringLiteralsEnabled" value="true" />
      </CheckingContext>
    </option>
  </component>
</application>