<application>
  <component name="GeneralSettings">
    <option name="confirmExit" value="false" />
    <option name="inactiveTimeout" value="30" />
  </component>
  <component name="Registry">
    <entry key="ide.mac.allowDarkWindowDecorations" value="true" />
    <entry key="ide.settings.move.mouse.on.default.button" value="true" />
    <entry key="debugger.watches.in.variables" value="false" />
  </component>
  <component name="StatusBar">
    <option name="widgets">
      <map>
        <entry key="Memory" value="true" />
      </map>
    </option>
  </component>
</application>