<application>
  <component name="MaterialThemeConfig">
    <option name="customTreeIndentEnabled" value="true" />
    <option name="highContrast" value="true" />
    <option name="highlightColorEnabled" value="true" />
    <option name="premium" value="true" />
    <option name="compactSidebar" value="true" />
    <option name="isHighlightColorEnabled" value="true" />
    <option name="isCustomTreeIndentEnabled" value="true" />
    <option name="isHighContrast" value="true" />
    <option name="isWizardShown" value="true" />
    <option name="overrideAccentColor" value="false" />
    <option name="pristineConfig" value="false" />
    <option name="indicatorStyle" value="Dot" />
    <option name="customSidebarHeight" value="30" />
    <option name="rightTreeIndent" value="6" />
    <option name="settingsSelectedTab" value="2" />
    <option name="accentColor" value="f44336" />
    <option name="highlightColor" value="e91e1e" />
    <option name="selectedTheme" value="DARKER" />
    <option name="userId" value="22813af0:17795a490fa:-8000" />
    <option name="version" value="6.8.2" />
  </component>
</application>