<application>
  <component name="OSFileAssociationPreferences">
    <option name="fileTypeNames">
      <list>
        <option value="GitIgnore file" />
        <option value="CSS" />
        <option value="CSV" />
        <option value="PLAIN_TEXT" />
        <option value="PLAIN_TEXT-x-in" />
        <option value="PLAIN_TEXT-x-vocab" />
        <option value="XHTML" />
        <option value="XML" />
        <option value="XML-x-ant" />
        <option value="XML-x-fxml" />
        <option value="XML-x-jhm" />
        <option value="XML-x-jnlp" />
        <option value="XML-x-jrxml" />
        <option value="XML-x-qrc" />
        <option value="XML-x-rng" />
        <option value="XML-x-tld" />
        <option value="XML-x-wsdl" />
        <option value="XML-x-xsd" />
        <option value="XML-x-xsl" />
        <option value="XML-x-xslt" />
        <option value="XML-x-xul" />
        <option value="DTD" />
        <option value="YAML" />
        <option value="ReST" />
      </list>
    </option>
    <option name="ideLocationHash" value="521D710CB8C1A0838A6A0EA0D3AC01EB" />
  </component>
</application>